kind,name_a,name_b,detail,prices_match,prices_a,prices_b
brand variant,arabiyat presitige,arabiyat prestige,12 rows vs 39 rows,,,
brand variant,caroline herrera,carolina herrera,8 rows vs 3 rows,,,
extra word,Arabiyat Prestige Raaes,Arabiyat Prestige Raaes Aurum,one row adds 'aurum',True,"{'3ml': 120, '5ml': 160, '8ml': 230, '10ml': 290, '20ml': 500, '30ml': 650}","{'3ml': 120, '5ml': 160, '8ml': 230, '10ml': 290, '20ml': 500, '30ml': 650}"
extra word,Arabiyat Prestige Oud Al Layal,Arabiyat Prestige Oud Al Layal Aswad,one row adds 'aswad',True,"{'5ml': 110, '8ml': 140, '10ml': 180}","{'5ml': 110, '8ml': 140, '10ml': 180}"
extra word,Arabiyat Prestige Oud Al Layal,Arabiyat Prestige Oud Al Layal Midnight .,one row adds 'midnight',False,"{'5ml': 110, '8ml': 140, '10ml': 180}","{'5ml': 130, '8ml': 170, '10ml': 210, '20ml': 380, '30ml': 480}"
extra word,Armaf Odyssey Mandarin Sky,Armaf Odyssey Mandarin Sky Vintage,one row adds 'vintage',False,"{'3ml': 130, '5ml': 170, '8ml': 240, '10ml': 300, '20ml': 540, '30ml': 700, '100ml_full': 2050}","{'3ml': 130, '5ml': 180, '8ml': 260, '10ml': 330, '20ml': 580, '30ml': 770}"
extra word,Fragrance Word Royal Blend,Fragrance Word Royal Blend Vintage,one row adds 'vintage',True,"{'3ml': 130, '5ml': 180, '8ml': 250, '10ml': 340, '30ml': 820}","{'3ml': 130, '5ml': 180, '8ml': 250, '10ml': 340, '30ml': 820}"
extra word,Fragrance Word Royal Blend,Fragrance Word Royal Blend Nero,one row adds 'nero',True,"{'3ml': 130, '5ml': 180, '8ml': 250, '10ml': 340, '30ml': 820}","{'3ml': 130, '5ml': 180, '8ml': 250, '10ml': 340, '30ml': 820}"
extra word,Fragrance Word Royal Blend,Fragrance Word Royal Blend Bourbon,one row adds 'bourbon',True,"{'3ml': 130, '5ml': 180, '8ml': 250, '10ml': 340, '30ml': 820}","{'3ml': 130, '5ml': 180, '8ml': 250, '10ml': 340, '30ml': 820}"
extra word,Fragrance Word Royal Blend,Fragrance Word Royal Blend Sequoia,one row adds 'sequoia',False,"{'3ml': 130, '5ml': 180, '8ml': 250, '10ml': 340, '30ml': 820}","{'3ml': 140, '5ml': 190, '8ml': 300, '10ml': 370}"
extra word,Fragrance World Proud of You Tobbaco,Fragrance World Proud of You,one row adds 'tobbaco',True,"{'5ml': 130, '8ml': 190, '10ml': 240, '20ml': 420, '30ml': 550}","{'5ml': 130, '8ml': 190, '10ml': 240, '20ml': 420, '30ml': 550}"
spelling variant,Franck Oliver Oud Touch,Frank Oliver Oud Touch,'franck' vs 'frank',False,"{'3ml': 120, '5ml': 170, '8ml': 240, '10ml': 310, '20ml': 540}","{'3ml': 110, '5ml': 150, '8ml': 210, '10ml': 280, '20ml': 520, '30ml': 680}"
spelling variant,Lattafa Fahad,Lattafa Fakhar,'fahad' vs 'fakhar',False,"{'3ml': 180, '5ml': 260, '8ml': 390, '10ml': 490, '20ml': 900}","{'3ml': 130, '5ml': 170, '8ml': 240, '10ml': 300, '20ml': 540, '30ml': 700}"
extra word,Lattafa Khamrah,Lattafa Khamrah Waha,one row adds 'waha',False,"{'3ml': 160, '5ml': 230, '8ml': 330, '10ml': 420, '20ml': 780, '30ml': 1070, '100ml_full': 2950}","{'3ml': 160, '5ml': 230, '8ml': 330, '10ml': 420}"
extra word,Lattafa Ana Abiyedh,Lattafa Ana Abiyedh Rouge,one row adds 'rouge',False,"{'3ml': 140, '5ml': 190, '8ml': 280, '10ml': 360, '60ml_full': 1910}","{'3ml': 140, '5ml': 190, '8ml': 280, '10ml': 360}"
extra word,Lattafa Ana Abiyedh,Lattafa Ana Abiyedh Coral,one row adds 'coral',False,"{'3ml': 140, '5ml': 190, '8ml': 280, '10ml': 360, '60ml_full': 1910}","{'3ml': 150, '5ml': 220, '8ml': 320, '10ml': 400, '20ml': 720}"
spelling variant,Lattafa Bade'e Al Oud Amethyst,Lattafa Bade'e Al Oud Amythyst,'amethyst' vs 'amythyst',False,"{'3ml': 140, '5ml': 190, '8ml': 270, '10ml': 340, '20ml': 600, '30ml': 800, '100ml_full': 2550}","{'5ml': 149, '8ml': 219, '10ml': 269, '30ml': 759}"
extra word,Paris Corner Rifaaqat Adorn,Paris Corner Rifaaqat,one row adds 'adorn',False,"{'3ml': 130, '5ml': 180, '8ml': 260, '10ml': 330, '30ml': 550}","{'3ml': 130, '5ml': 180, '8ml': 260, '10ml': 330, '20ml': 600, '30ml': 800}"
spelling variant,Paris Corner Emir Just Bergamot,Paris Corner Emir Just Bergamont,'bergamot' vs 'bergamont',False,"{'5ml': 130, '8ml': 190, '10ml': 240, '30ml': 579, '100ml_full': 1650}","{'5ml': 130, '8ml': 190, '10ml': 240, '30ml': 580}"
spelling variant,Paris Corner Emir Frenetic Deliceuse,Paris Corner Emir Frenetic Delicieuse,'deliceuse' vs 'delicieuse',False,"{'5ml': 150, '8ml': 220, '10ml': 280, '20ml': 480, '30ml': 700}","{'5ml': 150, '8ml': 210, '10ml': 280, '100ml_full': 1650}"
spelling variant,Pendora Scents Classico De Profondo,Pendora Scents Clasico De Profondo,'classico' vs 'clasico',False,"{'5ml': 130, '8ml': 190, '10ml': 240, '20ml': 420, '30ml': 550}","{'5ml': 130, '8ml': 180, '10ml': 240, '20ml': 420, '30ml': 550}"
extra word,Pendora Scents Milano,Pendora Scents Milano Prive,one row adds 'prive',True,"{'5ml': 130, '8ml': 180, '10ml': 240, '20ml': 420, '30ml': 550}","{'5ml': 130, '8ml': 180, '10ml': 240, '20ml': 420, '30ml': 550}"
extra word,Swiss Arabian Shaghaf  Oud,Swiss Arabian Shaghaf Oud Tonka,one row adds 'tonka',False,"{'3ml': 170, '5ml': 230, '8ml': 350, '10ml': 440, '30ml': 1075, '75ml_full': 2950}","{'3ml': 180, '5ml': 280, '8ml': 370, '10ml': 520}"
spelling variant,Swiss Arabian Shaghaf  Oud,Swiss Arabian Shagaf Oud,'shaghaf' vs 'shagaf',False,"{'3ml': 170, '5ml': 230, '8ml': 350, '10ml': 440, '30ml': 1075, '75ml_full': 2950}","{'5ml': 230, '8ml': 350, '10ml': 440}"
spelling variant,Swiss Arabian Shaghaf Oud Tonka,Swiss Arabian Shagaf Oud Tonka,'shaghaf' vs 'shagaf',True,"{'3ml': 180, '5ml': 280, '8ml': 370, '10ml': 520}","{'3ml': 180, '5ml': 280, '8ml': 370, '10ml': 520}"
extra word,Swiss Arabian Shagaf Oud,Swiss Arabian Shagaf Oud Tonka,one row adds 'tonka',False,"{'5ml': 230, '8ml': 350, '10ml': 440}","{'3ml': 180, '5ml': 280, '8ml': 370, '10ml': 520}"
extra word,Givenchy L’Interdit EDP,Givenchy L’Interdit Rouge EDP,one row adds 'rouge',True,"{'3ml': 370, '5ml': 560, '8ml': 880, '10ml': 1090, '20ml': 2060}","{'3ml': 370, '5ml': 560, '8ml': 880, '10ml': 1090, '20ml': 2060}"
extra word,Givenchy L’Interdit Rouge Ultime EDP,Givenchy L’Interdit Rouge EDP,one row adds 'ultime',True,"{'3ml': 370, '5ml': 560, '8ml': 880, '10ml': 1090, '20ml': 2060}","{'3ml': 370, '5ml': 560, '8ml': 880, '10ml': 1090, '20ml': 2060}"
one copy lists more sizes,Afnan Cherry Bouquet,,"Decant Sheet Men-UNISEX row 17: {'3ml': 190, '5ml': 260, '8ml': 400, '10ml': 490, '20ml': 940, '30ml': 1340} | For Women row 26: {'3ml': 190, '5ml': 260, '8ml': 400, '10ml': 490}",False,"{'3ml': 190, '5ml': 260, '8ml': 400, '10ml': 490, '20ml': 940, '30ml': 1340}","{'3ml': 190, '5ml': 260, '8ml': 400, '10ml': 490}"
one copy lists more sizes,Afnan Delicious Bouquet,,"Decant Sheet Men-UNISEX row 16: {'3ml': 190, '5ml': 260, '8ml': 400, '10ml': 490, '20ml': 940, '30ml': 1340} | For Women row 25: {'3ml': 190, '5ml': 260, '8ml': 400, '10ml': 490}",False,"{'3ml': 190, '5ml': 260, '8ml': 400, '10ml': 490, '20ml': 940, '30ml': 1340}","{'3ml': 190, '5ml': 260, '8ml': 400, '10ml': 490}"
one copy lists more sizes,Afnan Mystique Bouquet,,"Decant Sheet Men-UNISEX row 18: {'3ml': 190, '5ml': 260, '8ml': 400, '10ml': 490, '20ml': 940, '30ml': 1340} | For Women row 27: {'3ml': 190, '5ml': 260, '8ml': 400, '10ml': 490}",False,"{'3ml': 190, '5ml': 260, '8ml': 400, '10ml': 490, '20ml': 940, '30ml': 1340}","{'3ml': 190, '5ml': 260, '8ml': 400, '10ml': 490}"
one copy lists more sizes,Afnan Rare tiffany,,"Decant Sheet Men-UNISEX row 34: {'3ml': 130, '5ml': 170, '8ml': 250, '10ml': 320, '20ml': 580, '30ml': 800} | For Women row 28: {'5ml': 170, '8ml': 250, '10ml': 320, '20ml': 580, '30ml': 800}",False,"{'3ml': 130, '5ml': 170, '8ml': 250, '10ml': 320, '20ml': 580, '30ml': 800}","{'5ml': 170, '8ml': 250, '10ml': 320, '20ml': 580, '30ml': 800}"
one copy lists more sizes,Ahmed Al Maghribi AHL,,"Decant Sheet Men-UNISEX row 42: {'3ml': 240, '5ml': 360, '8ml': 540, '10ml': 680, '20ml': 1300} | For Women row 5: {'3ml': 240, '5ml': 360, '8ml': 540, '10ml': 680, '20ml': 1300, '30ml': 1850}",False,"{'3ml': 240, '5ml': 360, '8ml': 540, '10ml': 680, '20ml': 1300}","{'3ml': 240, '5ml': 360, '8ml': 540, '10ml': 680, '20ml': 1300, '30ml': 1850}"
price disagreement,Ahmed Al Maghribi Azure Royal,,"Decant Sheet Men-UNISEX row 47: {'3ml': 130, '5ml': 180, '8ml': 260, '10ml': 330, '20ml': 580} | For Women row 6: {'5ml': 150, '8ml': 220, '10ml': 280, '20ml': 520, '30ml': 750}",False,"{'3ml': 130, '5ml': 180, '8ml': 260, '10ml': 330, '20ml': 580}","{'5ml': 150, '8ml': 220, '10ml': 280, '20ml': 520, '30ml': 750}"
price disagreement,Ahmed Al Maghribi Ignite Oud,,"Decant Sheet Men-UNISEX row 50: {'3ml': 230, '5ml': 350, '8ml': 520, '10ml': 660, '20ml': 1220, '30ml': 1730} | For Women row 9: {'3ml': 190, '5ml': 290, '8ml': 440, '10ml': 560, '20ml': 1080, '30ml': 1580}",False,"{'3ml': 230, '5ml': 350, '8ml': 520, '10ml': 660, '20ml': 1220, '30ml': 1730}","{'3ml': 190, '5ml': 290, '8ml': 440, '10ml': 560, '20ml': 1080, '30ml': 1580}"
"listed twice, same prices",Ahmed Al Maghribi Oud & Roses,,"Decant Sheet Men-UNISEX row 48: {'3ml': 210, '5ml': 310, '8ml': 470, '10ml': 590} | For Women row 7: {'3ml': 210, '5ml': 310, '8ml': 470, '10ml': 590}",True,"{'3ml': 210, '5ml': 310, '8ml': 470, '10ml': 590}","{'3ml': 210, '5ml': 310, '8ml': 470, '10ml': 590}"
price disagreement,Ahmed Al Maghribi Rose Noir,,"Decant Sheet Men-UNISEX row 61: {'3ml': 160, '5ml': 230, '8ml': 340, '10ml': 430, '20ml': 760, '30ml': 1080} | For Women row 11: {'5ml': 210, '8ml': 320, '10ml': 380, '20ml': 760, '30ml': 1080}",False,"{'3ml': 160, '5ml': 230, '8ml': 340, '10ml': 430, '20ml': 760, '30ml': 1080}","{'5ml': 210, '8ml': 320, '10ml': 380, '20ml': 760, '30ml': 1080}"
price disagreement,Ahmed Al Maghribi Summer Oud,,"Decant Sheet Men-UNISEX row 49: {'3ml': 210, '5ml': 310, '8ml': 470, '10ml': 590, '20ml': 1080, '30ml': 1580} | For Women row 8: {'3ml': 190, '5ml': 290, '8ml': 440, '10ml': 560, '20ml': 1080, '30ml': 1580}",False,"{'3ml': 210, '5ml': 310, '8ml': 470, '10ml': 590, '20ml': 1080, '30ml': 1580}","{'3ml': 190, '5ml': 290, '8ml': 440, '10ml': 560, '20ml': 1080, '30ml': 1580}"
"listed twice, same prices",Ahmed Al Maghribi Zeleny,,"Decant Sheet Men-UNISEX row 44: {'3ml': 120, '5ml': 160, '8ml': 230, '10ml': 290, '20ml': 520, '30ml': 670} | For Women row 10: {'3ml': 120, '5ml': 160, '8ml': 230, '10ml': 290, '20ml': 520, '30ml': 670}",True,"{'3ml': 120, '5ml': 160, '8ml': 230, '10ml': 290, '20ml': 520, '30ml': 670}","{'3ml': 120, '5ml': 160, '8ml': 230, '10ml': 290, '20ml': 520, '30ml': 670}"
"listed twice, same prices",Al Rehab Choco Musk,,"Decant Sheet Men-UNISEX row 132: {'5ml': 120, '8ml': 160} | For Women row 12: {'5ml': 120, '8ml': 160}",True,"{'5ml': 120, '8ml': 160}","{'5ml': 120, '8ml': 160}"
"listed twice, same prices",Al Rehab Choco Musk Marshmallow,,"Decant Sheet Men-UNISEX row 133: {'5ml': 120, '8ml': 160} | For Women row 13: {'5ml': 120, '8ml': 160}",True,"{'5ml': 120, '8ml': 160}","{'5ml': 120, '8ml': 160}"
"listed twice, same prices",Al Rehab French Coffee,,"Decant Sheet Men-UNISEX row 134: {'5ml': 130, '8ml': 190, '10ml': 240, '20ml': 400, '30ml': 560} | For Women row 14: {'5ml': 130, '8ml': 190, '10ml': 240, '20ml': 400, '30ml': 560}",True,"{'5ml': 130, '8ml': 190, '10ml': 240, '20ml': 400, '30ml': 560}","{'5ml': 130, '8ml': 190, '10ml': 240, '20ml': 400, '30ml': 560}"
price disagreement,Al Wataniah Kayaan Classic,,"Decant Sheet Men-UNISEX row 88: {'3ml': 140, '5ml': 190, '8ml': 280, '10ml': 350, '20ml': 580, '30ml': 800} | For Women row 15: {'5ml': 180, '8ml': 270, '10ml': 340, '20ml': 620, '30ml': 850}",False,"{'3ml': 140, '5ml': 190, '8ml': 280, '10ml': 350, '20ml': 580, '30ml': 800}","{'5ml': 180, '8ml': 270, '10ml': 340, '20ml': 620, '30ml': 850}"
"listed twice, same prices",Albait Aldimashqi Chanel no 5,,"Decant Sheet Men-UNISEX row 116: {'3ml': 130, '5ml': 170, '8ml': 250, '10ml': 320, '20ml': 580, '30ml': 800} | For Women row 24: {'3ml': 130, '5ml': 170, '8ml': 250, '10ml': 320, '20ml': 580, '30ml': 800}",True,"{'3ml': 130, '5ml': 170, '8ml': 250, '10ml': 320, '20ml': 580, '30ml': 800}","{'3ml': 130, '5ml': 170, '8ml': 250, '10ml': 320, '20ml': 580, '30ml': 800}"
"listed twice, same prices",Albait Aldimashqi Declaration,,"Decant Sheet Men-UNISEX row 118: {'3ml': 130, '5ml': 170, '8ml': 250, '10ml': 320, '20ml': 580, '30ml': 800} | For Women row 19: {'3ml': 130, '5ml': 170, '8ml': 250, '10ml': 320, '20ml': 580, '30ml': 800}",True,"{'3ml': 130, '5ml': 170, '8ml': 250, '10ml': 320, '20ml': 580, '30ml': 800}","{'3ml': 130, '5ml': 170, '8ml': 250, '10ml': 320, '20ml': 580, '30ml': 800}"
"listed twice, same prices",Albait Aldimashqi Goddess Burberry,,"Decant Sheet Men-UNISEX row 119: {'3ml': 130, '5ml': 170, '8ml': 250, '10ml': 320, '20ml': 580, '30ml': 800} | For Women row 20: {'3ml': 130, '5ml': 170, '8ml': 250, '10ml': 320, '20ml': 580, '30ml': 800}",True,"{'3ml': 130, '5ml': 170, '8ml': 250, '10ml': 320, '20ml': 580, '30ml': 800}","{'3ml': 130, '5ml': 170, '8ml': 250, '10ml': 320, '20ml': 580, '30ml': 800}"
"listed twice, same prices",Albait Aldimashqi Mademoiselle,,"Decant Sheet Men-UNISEX row 121: {'3ml': 130, '5ml': 170, '8ml': 250, '10ml': 320, '20ml': 580, '30ml': 800} | For Women row 22: {'3ml': 130, '5ml': 170, '8ml': 250, '10ml': 320, '20ml': 580, '30ml': 800}",True,"{'3ml': 130, '5ml': 170, '8ml': 250, '10ml': 320, '20ml': 580, '30ml': 800}","{'3ml': 130, '5ml': 170, '8ml': 250, '10ml': 320, '20ml': 580, '30ml': 800}"
"listed twice, same prices",Albait Aldimashqi Miss blooming bouquet,,"Decant Sheet Men-UNISEX row 120: {'3ml': 130, '5ml': 170, '8ml': 250, '10ml': 320, '20ml': 580, '30ml': 800} | For Women row 21: {'3ml': 130, '5ml': 170, '8ml': 250, '10ml': 320, '20ml': 580, '30ml': 800}",True,"{'3ml': 130, '5ml': 170, '8ml': 250, '10ml': 320, '20ml': 580, '30ml': 800}","{'3ml': 130, '5ml': 170, '8ml': 250, '10ml': 320, '20ml': 580, '30ml': 800}"
"listed twice, same prices",Albait Aldimashqi Paradox EDP,,"Decant Sheet Men-UNISEX row 115: {'3ml': 130, '5ml': 170, '8ml': 250, '10ml': 320, '20ml': 580, '30ml': 800} | For Women row 23: {'3ml': 130, '5ml': 170, '8ml': 250, '10ml': 320, '20ml': 580, '30ml': 800}",True,"{'3ml': 130, '5ml': 170, '8ml': 250, '10ml': 320, '20ml': 580, '30ml': 800}","{'3ml': 130, '5ml': 170, '8ml': 250, '10ml': 320, '20ml': 580, '30ml': 800}"
"listed twice, same prices",Albait Aldimashqi Poison girl,,"Decant Sheet Men-UNISEX row 117: {'3ml': 130, '5ml': 170, '8ml': 250, '10ml': 320, '20ml': 580, '30ml': 800} | For Women row 17: {'3ml': 130, '5ml': 170, '8ml': 250, '10ml': 320, '20ml': 580, '30ml': 800}",True,"{'3ml': 130, '5ml': 170, '8ml': 250, '10ml': 320, '20ml': 580, '30ml': 800}","{'3ml': 130, '5ml': 170, '8ml': 250, '10ml': 320, '20ml': 580, '30ml': 800}"
"listed twice, same prices",Arabiyat Presitige Sugarcane Vanilla,,"Decant Sheet Men-UNISEX row 145: {'3ml': 160, '5ml': 220, '8ml': 330, '10ml': 410, '20ml': 760, '30ml': 1040} | For Women row 41: {'3ml': 160, '5ml': 220, '8ml': 330, '10ml': 410, '20ml': 760, '30ml': 1040}",True,"{'3ml': 160, '5ml': 220, '8ml': 330, '10ml': 410, '20ml': 760, '30ml': 1040}","{'3ml': 160, '5ml': 220, '8ml': 330, '10ml': 410, '20ml': 760, '30ml': 1040}"
price disagreement,Arabiyat Prestige Safa,,"Decant Sheet Men-UNISEX row 170: {'3ml': 160, '5ml': 220, '8ml': 320, '10ml': 400, '20ml': 720, '30ml': 980} | For Women row 36: {'3ml': 150, '5ml': 210, '8ml': 310, '10ml': 380, '20ml': 720, '30ml': 980}",False,"{'3ml': 160, '5ml': 220, '8ml': 320, '10ml': 400, '20ml': 720, '30ml': 980}","{'3ml': 150, '5ml': 210, '8ml': 310, '10ml': 380, '20ml': 720, '30ml': 980}"
one copy lists more sizes,Arabiyat Prestige Swar Venin,,"Decant Sheet Men-UNISEX row 180: {'3ml': 150, '5ml': 200, '8ml': 300, '10ml': 380, '20ml': 680, '30ml': 940} | For Women row 37: {'3ml': 150, '5ml': 200, '8ml': 300, '10ml': 380, '20ml': 680}",False,"{'3ml': 150, '5ml': 200, '8ml': 300, '10ml': 380, '20ml': 680, '30ml': 940}","{'3ml': 150, '5ml': 200, '8ml': 300, '10ml': 380, '20ml': 680}"
price disagreement,Armaf Odyssey Toffee Coffee,,"Decant Sheet Men-UNISEX row 236: {'3ml': 130, '5ml': 170, '8ml': 240, '10ml': 300, '20ml': 540, '30ml': 700} | For Women row 34: {'5ml': 150, '8ml': 220, '10ml': 280, '20ml': 520, '30ml': 750}",False,"{'3ml': 130, '5ml': 170, '8ml': 240, '10ml': 300, '20ml': 540, '30ml': 700}","{'5ml': 150, '8ml': 220, '10ml': 280, '20ml': 520, '30ml': 750}"
"listed twice, same prices",Burberry Her EDP Intense,,"For Women row 165: {'3ml': 300, '5ml': 450, '8ml': 700, '10ml': 870} | New Decant Additions row 105: {'3ml': 300, '5ml': 450, '8ml': 700, '10ml': 870}",True,"{'3ml': 300, '5ml': 450, '8ml': 700, '10ml': 870}","{'3ml': 300, '5ml': 450, '8ml': 700, '10ml': 870}"
"listed twice, same prices",Burberry Hero Parfum Intense,,"Decant Sheet Men-UNISEX row 822: {'3ml': 320, '5ml': 480, '8ml': 740, '10ml': 920} | New Decant Additions row 52: {'3ml': 320, '5ml': 480, '8ml': 740, '10ml': 920}",True,"{'3ml': 320, '5ml': 480, '8ml': 740, '10ml': 920}","{'3ml': 320, '5ml': 480, '8ml': 740, '10ml': 920}"
price disagreement,Bvlgari Glacial Essence,,"Decant Sheet Men-UNISEX row 826: {'3ml': 250, '5ml': 390, '8ml': 610, '10ml': 740} | Decant Sheet Men-UNISEX row 830: {'3ml': 290, '5ml': 430, '8ml': 670, '10ml': 820}",False,"{'3ml': 250, '5ml': 390, '8ml': 610, '10ml': 740}","{'3ml': 290, '5ml': 430, '8ml': 670, '10ml': 820}"
"listed twice, same prices",Chanel Bleu De Chanel Parfum,,"Decant Sheet Men-UNISEX row 845: {'3ml': 460, '5ml': 720, '8ml': 1140, '10ml': 1400} | New Decant Additions row 53: {'3ml': 460, '5ml': 720, '8ml': 1140, '10ml': 1400}",True,"{'3ml': 460, '5ml': 720, '8ml': 1140, '10ml': 1400}","{'3ml': 460, '5ml': 720, '8ml': 1140, '10ml': 1400}"
"listed twice, same prices",Chanel Coromandel,,"Decant Sheet Men-UNISEX row 847: {'3ml': 520, '5ml': 820, '8ml': 1290, '10ml': 1600, '20ml': 2980} | For Women row 180: {'3ml': 520, '5ml': 820, '8ml': 1290, '10ml': 1600, '20ml': 2980}",True,"{'3ml': 520, '5ml': 820, '8ml': 1290, '10ml': 1600, '20ml': 2980}","{'3ml': 520, '5ml': 820, '8ml': 1290, '10ml': 1600, '20ml': 2980}"
"listed twice, same prices",Dunhill Egyptian Smoke,,"Decant Sheet Men-UNISEX row 893: {'3ml': 260, '5ml': 390, '8ml': 600, '10ml': 740} | New Decant Additions row 55: {'3ml': 260, '5ml': 390, '8ml': 600, '10ml': 740}",True,"{'3ml': 260, '5ml': 390, '8ml': 600, '10ml': 740}","{'3ml': 260, '5ml': 390, '8ml': 600, '10ml': 740}"
"listed twice, same prices",Dunhill Indian Sandalwood,,"Decant Sheet Men-UNISEX row 892: {'3ml': 260, '5ml': 390, '8ml': 600, '10ml': 740} | New Decant Additions row 54: {'3ml': 260, '5ml': 390, '8ml': 600, '10ml': 740}",True,"{'3ml': 260, '5ml': 390, '8ml': 600, '10ml': 740}","{'3ml': 260, '5ml': 390, '8ml': 600, '10ml': 740}"
"listed twice, same prices",Dyptique Do Son EDP,,"For Women row 195: {'3ml': 660, '5ml': 1040} | New Decant Additions row 106: {'3ml': 660, '5ml': 1040}",True,"{'3ml': 660, '5ml': 1040}","{'3ml': 660, '5ml': 1040}"
price disagreement,French Avenue Cocoa Morado,,"Decant Sheet Men-UNISEX row 354: {'3ml': 150, '5ml': 210, '8ml': 310, '10ml': 390, '20ml': 720, '30ml': 980} | For Women row 54: {'3ml': 130, '5ml': 180, '8ml': 260, '10ml': 350, '20ml': 650, '30ml': 900}",False,"{'3ml': 150, '5ml': 210, '8ml': 310, '10ml': 390, '20ml': 720, '30ml': 980}","{'3ml': 130, '5ml': 180, '8ml': 260, '10ml': 350, '20ml': 650, '30ml': 900}"
"listed twice, same prices",French Avenue Zenith Vanilla,,"Decant Sheet Men-UNISEX row 316: {'3ml': 170, '5ml': 230, '8ml': 340, '10ml': 420} | For Women row 55: {'3ml': 170, '5ml': 230, '8ml': 340, '10ml': 420}",True,"{'3ml': 170, '5ml': 230, '8ml': 340, '10ml': 420}","{'3ml': 170, '5ml': 230, '8ml': 340, '10ml': 420}"
"listed twice, same prices",Guerlain Aqua Allegoria Rosa Rossa,,"Decant Sheet Men-UNISEX row 937: {'3ml': 250, '5ml': 380, '8ml': 580, '10ml': 710} | For Women row 223: {'3ml': 250, '5ml': 380, '8ml': 580, '10ml': 710}",True,"{'3ml': 250, '5ml': 380, '8ml': 580, '10ml': 710}","{'3ml': 250, '5ml': 380, '8ml': 580, '10ml': 710}"
price disagreement,Guerlain Mon Guerlain EDP,,"For Women row 215: {'3ml': 250, '5ml': 370, '8ml': 560, '10ml': 690} | For Women row 220: {'3ml': 290, '5ml': 440, '8ml': 670, '10ml': 830}",False,"{'3ml': 250, '5ml': 370, '8ml': 560, '10ml': 690}","{'3ml': 290, '5ml': 440, '8ml': 670, '10ml': 830}"
price disagreement,Hugo Boss Boss Bottled Absolu,,"Decant Sheet Men-UNISEX row 956: {'3ml': 250, '5ml': 380, '8ml': 600, '10ml': 750, '20ml': 1400, '30ml': 2100} | Decant Sheet Men-UNISEX row 965: {'3ml': 340, '5ml': 520, '8ml': 810, '10ml': 1000}",False,"{'3ml': 250, '5ml': 380, '8ml': 600, '10ml': 750, '20ml': 1400, '30ml': 2100}","{'3ml': 340, '5ml': 520, '8ml': 810, '10ml': 1000}"
price disagreement,Ibraheem AlQurashi French Tobacco,,"Decant Sheet Men-UNISEX row 393: {'3ml': 170, '5ml': 250, '8ml': 370, '10ml': 460} | Decant Sheet Men-UNISEX row 416: {'3ml': 150, '5ml': 200, '8ml': 300, '10ml': 380, '20ml': 700, '30ml': 950}",False,"{'3ml': 170, '5ml': 250, '8ml': 370, '10ml': 460}","{'3ml': 150, '5ml': 200, '8ml': 300, '10ml': 380, '20ml': 700, '30ml': 950}"
price disagreement,Khadlaj Caffe Latte,,"Decant Sheet Men-UNISEX row 428: {'3ml': 120, '5ml': 150, '8ml': 220, '10ml': 280} | For Women row 63: {'5ml': 150, '8ml': 220, '10ml': 270}",False,"{'3ml': 120, '5ml': 150, '8ml': 220, '10ml': 280}","{'5ml': 150, '8ml': 220, '10ml': 270}"
price disagreement,Khadlaj Mocha Latte,,"Decant Sheet Men-UNISEX row 427: {'3ml': 120, '5ml': 150, '8ml': 220, '10ml': 280} | For Women row 61: {'5ml': 150, '8ml': 220, '10ml': 270}",False,"{'3ml': 120, '5ml': 150, '8ml': 220, '10ml': 280}","{'5ml': 150, '8ml': 220, '10ml': 270}"
"listed twice, same prices",Lalique Le Parfum,,"Decant Sheet Men-UNISEX row 1001: {'3ml': 210, '5ml': 300, '8ml': 460, '10ml': 570, '20ml': 980, '30ml': 1390} | For Women row 236: {'3ml': 210, '5ml': 300, '8ml': 460, '10ml': 570, '20ml': 980, '30ml': 1390}",True,"{'3ml': 210, '5ml': 300, '8ml': 460, '10ml': 570, '20ml': 980, '30ml': 1390}","{'3ml': 210, '5ml': 300, '8ml': 460, '10ml': 570, '20ml': 980, '30ml': 1390}"
"listed twice, same prices",Lattafa Eclaire,,"Decant Sheet Men-UNISEX row 447: {'3ml': 140, '5ml': 200, '8ml': 290, '10ml': 370, '20ml': 660, '30ml': 890} | For Women row 78: {'3ml': 140, '5ml': 200, '8ml': 290, '10ml': 370, '20ml': 660, '30ml': 890}",True,"{'3ml': 140, '5ml': 200, '8ml': 290, '10ml': 370, '20ml': 660, '30ml': 890}","{'3ml': 140, '5ml': 200, '8ml': 290, '10ml': 370, '20ml': 660, '30ml': 890}"
price disagreement,Lattafa Emeer,,"Decant Sheet Men-UNISEX row 495: {'3ml': 170, '5ml': 240, '8ml': 360, '10ml': 450, '20ml': 850, '30ml': 1170} | For Women row 72: {'3ml': 160, '5ml': 220, '8ml': 330, '10ml': 400, '20ml': 800, '30ml': 1200}",False,"{'3ml': 170, '5ml': 240, '8ml': 360, '10ml': 450, '20ml': 850, '30ml': 1170}","{'3ml': 160, '5ml': 220, '8ml': 330, '10ml': 400, '20ml': 800, '30ml': 1200}"
price disagreement,Lattafa Jasoor,,"Decant Sheet Men-UNISEX row 458: {'3ml': 140, '5ml': 190, '8ml': 270, '10ml': 340, '20ml': 600} | For Women row 91: {'5ml': 180, '8ml': 250, '10ml': 340, '20ml': 640, '30ml': 860}",False,"{'3ml': 140, '5ml': 190, '8ml': 270, '10ml': 340, '20ml': 600}","{'5ml': 180, '8ml': 250, '10ml': 340, '20ml': 640, '30ml': 860}"
price disagreement,Lattafa Khamrah,,"Decant Sheet Men-UNISEX row 454: {'3ml': 160, '5ml': 230, '8ml': 330, '10ml': 420, '20ml': 780, '30ml': 1070} | For Women row 80: {'5ml': 190, '8ml': 300, '10ml': 370, '20ml': 680, '30ml': 930}",False,"{'3ml': 160, '5ml': 230, '8ml': 330, '10ml': 420, '20ml': 780, '30ml': 1070}","{'5ml': 190, '8ml': 300, '10ml': 370, '20ml': 680, '30ml': 930}"
price disagreement,Lattafa Khamrah Qahwa,,"Decant Sheet Men-UNISEX row 452: {'3ml': 160, '5ml': 230, '8ml': 330, '10ml': 420, '20ml': 780, '30ml': 1070} | For Women row 79: {'5ml': 190, '8ml': 300, '10ml': 370, '20ml': 680, '30ml': 930}",False,"{'3ml': 160, '5ml': 230, '8ml': 330, '10ml': 420, '20ml': 780, '30ml': 1070}","{'5ml': 190, '8ml': 300, '10ml': 370, '20ml': 680, '30ml': 930}"
one copy lists more sizes,Lattafa Mashrabya,,"Decant Sheet Men-UNISEX row 464: {'3ml': 130, '5ml': 170, '8ml': 240, '10ml': 320} | For Women row 77: {'5ml': 170, '8ml': 240, '10ml': 320, '30ml': 840}",False,"{'3ml': 130, '5ml': 170, '8ml': 240, '10ml': 320}","{'5ml': 170, '8ml': 240, '10ml': 320, '30ml': 840}"
"listed twice, same prices",Lattafa Musamam White Intense,,"Decant Sheet Men-UNISEX row 467: {'3ml': 170, '5ml': 250, '8ml': 370, '10ml': 470, '20ml': 860, '30ml': 1190} | For Women row 87: {'3ml': 170, '5ml': 250, '8ml': 370, '10ml': 470, '20ml': 860, '30ml': 1190}",True,"{'3ml': 170, '5ml': 250, '8ml': 370, '10ml': 470, '20ml': 860, '30ml': 1190}","{'3ml': 170, '5ml': 250, '8ml': 370, '10ml': 470, '20ml': 860, '30ml': 1190}"
price disagreement,Lattafa Nebras,,"Decant Sheet Men-UNISEX row 446: {'3ml': 140, '5ml': 190, '8ml': 300, '10ml': 370, '20ml': 700, '30ml': 970} | For Women row 89: {'5ml': 200, '8ml': 300, '10ml': 380, '20ml': 660, '30ml': 920}",False,"{'3ml': 140, '5ml': 190, '8ml': 300, '10ml': 370, '20ml': 700, '30ml': 970}","{'5ml': 200, '8ml': 300, '10ml': 380, '20ml': 660, '30ml': 920}"
price disagreement,Lattafa Nebras Elixir,,"Decant Sheet Men-UNISEX row 463: {'3ml': 140, '5ml': 190, '8ml': 300, '10ml': 370} | For Women row 90: {'5ml': 200, '8ml': 300, '10ml': 380, '20ml': 660, '30ml': 920}",False,"{'3ml': 140, '5ml': 190, '8ml': 300, '10ml': 370}","{'5ml': 200, '8ml': 300, '10ml': 380, '20ml': 660, '30ml': 920}"
price disagreement,Lattafa Teriaq Intense,,"Decant Sheet Men-UNISEX row 497: {'3ml': 150, '5ml': 210, '8ml': 310, '10ml': 390} | For Women row 75: {'5ml': 170, '8ml': 240, '10ml': 320}",False,"{'3ml': 150, '5ml': 210, '8ml': 310, '10ml': 390}","{'5ml': 170, '8ml': 240, '10ml': 320}"
price disagreement,Maison Alhambra Bright Peach,,"Decant Sheet Men-UNISEX row 533: {'3ml': 130, '5ml': 180, '8ml': 250, '10ml': 310, '20ml': 580, '30ml': 710} | For Women row 98: {'3ml': 120, '5ml': 160, '8ml': 220, '10ml': 280, '20ml': 500, '30ml': 700}",False,"{'3ml': 130, '5ml': 180, '8ml': 250, '10ml': 310, '20ml': 580, '30ml': 710}","{'3ml': 120, '5ml': 160, '8ml': 220, '10ml': 280, '20ml': 500, '30ml': 700}"
price disagreement,Maison Alhambra Como Moiselle,,"Decant Sheet Men-UNISEX row 531: {'5ml': 130, '8ml': 180, '10ml': 240, '30ml': 510} | For Women row 96: {'5ml': 150, '8ml': 200, '10ml': 280, '30ml': 570} | For Women row 101: {'5ml': 130, '8ml': 190, '10ml': 240, '30ml': 690}",False,"{'5ml': 130, '8ml': 180, '10ml': 240, '30ml': 510}","{'5ml': 150, '8ml': 200, '10ml': 280, '30ml': 570}"
"listed twice, same prices",Maison Alhambra Kismet Magic,,"Decant Sheet Men-UNISEX row 525: {'3ml': 130, '5ml': 180, '8ml': 250, '10ml': 320, '20ml': 580, '30ml': 760} | For Women row 102: {'3ml': 130, '5ml': 180, '8ml': 250, '10ml': 320, '20ml': 580, '30ml': 760}",True,"{'3ml': 130, '5ml': 180, '8ml': 250, '10ml': 320, '20ml': 580, '30ml': 760}","{'3ml': 130, '5ml': 180, '8ml': 250, '10ml': 320, '20ml': 580, '30ml': 760}"
price disagreement,Maison Alhambra Lovely Cherry,,"Decant Sheet Men-UNISEX row 536: {'3ml': 130, '5ml': 180, '8ml': 250, '10ml': 310, '20ml': 580} | For Women row 94: {'3ml': 120, '5ml': 160, '8ml': 220, '10ml': 280, '20ml': 500}",False,"{'3ml': 130, '5ml': 180, '8ml': 250, '10ml': 310, '20ml': 580}","{'3ml': 120, '5ml': 160, '8ml': 220, '10ml': 280, '20ml': 500}"
price disagreement,Maison Alhambra Porto Neroli,,"Decant Sheet Men-UNISEX row 532: {'3ml': 130, '5ml': 180, '8ml': 250, '10ml': 310, '20ml': 580} | For Women row 97: {'3ml': 120, '5ml': 160, '8ml': 220, '10ml': 280, '20ml': 500, '30ml': 800}",False,"{'3ml': 130, '5ml': 180, '8ml': 250, '10ml': 310, '20ml': 580}","{'3ml': 120, '5ml': 160, '8ml': 220, '10ml': 280, '20ml': 500, '30ml': 800}"
price disagreement,Maison Alhambra Rose Petals,,"Decant Sheet Men-UNISEX row 537: {'3ml': 130, '5ml': 180, '8ml': 250, '10ml': 310, '20ml': 580} | For Women row 95: {'3ml': 120, '5ml': 170, '8ml': 240, '10ml': 310, '20ml': 540, '30ml': 710}",False,"{'3ml': 130, '5ml': 180, '8ml': 250, '10ml': 310, '20ml': 580}","{'3ml': 120, '5ml': 170, '8ml': 240, '10ml': 310, '20ml': 540, '30ml': 710}"
"listed twice, same prices",Maison Asrar Coffee Blend,,"Decant Sheet Men-UNISEX row 549: {'3ml': 190, '5ml': 260, '8ml': 390, '10ml': 480} | For Women row 103: {'3ml': 190, '5ml': 260, '8ml': 390, '10ml': 480}",True,"{'3ml': 190, '5ml': 260, '8ml': 390, '10ml': 480}","{'3ml': 190, '5ml': 260, '8ml': 390, '10ml': 480}"
"listed twice, same prices",Maison Asrar Unsolved Mystery,,"Decant Sheet Men-UNISEX row 559: {'3ml': 210, '5ml': 300, '8ml': 460, '10ml': 560} | For Women row 107: {'3ml': 210, '5ml': 300, '8ml': 460, '10ml': 560}",True,"{'3ml': 210, '5ml': 300, '8ml': 460, '10ml': 560}","{'3ml': 210, '5ml': 300, '8ml': 460, '10ml': 560}"
"listed twice, same prices",Maison Asrar Vanilla Aura,,"Decant Sheet Men-UNISEX row 550: {'3ml': 150, '5ml': 220, '8ml': 320, '10ml': 400, '20ml': 740} | For Women row 105: {'3ml': 150, '5ml': 220, '8ml': 320, '10ml': 400, '20ml': 740}",True,"{'3ml': 150, '5ml': 220, '8ml': 320, '10ml': 400, '20ml': 740}","{'3ml': 150, '5ml': 220, '8ml': 320, '10ml': 400, '20ml': 740}"
"listed twice, same prices",Maison Asrar Vanilla Voyage,,"Decant Sheet Men-UNISEX row 551: {'3ml': 150, '5ml': 210, '8ml': 300, '10ml': 380} | For Women row 106: {'3ml': 150, '5ml': 210, '8ml': 300, '10ml': 380}",True,"{'3ml': 150, '5ml': 210, '8ml': 300, '10ml': 380}","{'3ml': 150, '5ml': 210, '8ml': 300, '10ml': 380}"
"listed twice, same prices",Maison Asrar Veyra,,"Decant Sheet Men-UNISEX row 560: {'3ml': 220, '5ml': 320, '8ml': 490, '10ml': 600} | For Women row 108: {'3ml': 220, '5ml': 320, '8ml': 490, '10ml': 600}",True,"{'3ml': 220, '5ml': 320, '8ml': 490, '10ml': 600}","{'3ml': 220, '5ml': 320, '8ml': 490, '10ml': 600}"
price disagreement,Mancera Cedrat Boise,,"Decant Sheet Men-UNISEX row 1023: {'3ml': 280, '5ml': 420, '8ml': 640, '10ml': 790, '20ml': 1420, '30ml': 2050} | For Women row 256: {'3ml': 240, '5ml': 360, '8ml': 520, '10ml': 660}",False,"{'3ml': 280, '5ml': 420, '8ml': 640, '10ml': 790, '20ml': 1420, '30ml': 2050}","{'3ml': 240, '5ml': 360, '8ml': 520, '10ml': 660}"
price disagreement,Mancera Instant Crush,,"Decant Sheet Men-UNISEX row 1020: {'3ml': 280, '5ml': 420, '8ml': 640, '10ml': 790, '20ml': 1420, '30ml': 2050} | For Women row 255: {'3ml': 260, '5ml': 370, '8ml': 560, '10ml': 660}",False,"{'3ml': 280, '5ml': 420, '8ml': 640, '10ml': 790, '20ml': 1420, '30ml': 2050}","{'3ml': 260, '5ml': 370, '8ml': 560, '10ml': 660}"
"listed twice, same prices",Missoni Missoni Wave,,"Decant Sheet Men-UNISEX row 1050: {'3ml': 230, '5ml': 340, '8ml': 520, '10ml': 640} | New Decant Additions row 56: {'3ml': 230, '5ml': 340, '8ml': 520, '10ml': 640}",True,"{'3ml': 230, '5ml': 340, '8ml': 520, '10ml': 640}","{'3ml': 230, '5ml': 340, '8ml': 520, '10ml': 640}"
"listed twice, same prices",Montale Risterreto Intense Cafe,,"Decant Sheet Men-UNISEX row 1058: {'3ml': 270, '5ml': 420, '8ml': 680, '10ml': 800} | For Women row 248: {'3ml': 270, '5ml': 420, '8ml': 680, '10ml': 800}",True,"{'3ml': 270, '5ml': 420, '8ml': 680, '10ml': 800}","{'3ml': 270, '5ml': 420, '8ml': 680, '10ml': 800}"
price disagreement,Paco Rabanne Pure XS,,"Decant Sheet Men-UNISEX row 1080: {'3ml': 160, '5ml': 240, '8ml': 380, '10ml': 480} | Decant Sheet Men-UNISEX row 1088: {'3ml': 200, '5ml': 290, '8ml': 450, '10ml': 550, '20ml': 940, '30ml': 1330}",False,"{'3ml': 160, '5ml': 240, '8ml': 380, '10ml': 480}","{'3ml': 200, '5ml': 290, '8ml': 450, '10ml': 550, '20ml': 940, '30ml': 1330}"
"listed twice, same prices",Parfums de Marly Delina Exclusif,,"For Women row 268: {'3ml': 700, '5ml': 1120, '8ml': 1780, '10ml': 2200} | New Decant Additions row 107: {'3ml': 700, '5ml': 1120, '8ml': 1780, '10ml': 2200}",True,"{'3ml': 700, '5ml': 1120, '8ml': 1780, '10ml': 2200}","{'3ml': 700, '5ml': 1120, '8ml': 1780, '10ml': 2200}"
price disagreement,Paris Corner December Vanilla,,"Decant Sheet Men-UNISEX row 600: {'5ml': 150, '8ml': 210, '10ml': 280, '30ml': 720} | For Women row 114: {'3ml': 120, '5ml': 170, '8ml': 240, '10ml': 310, '20ml': 540, '30ml': 710}",False,"{'5ml': 150, '8ml': 210, '10ml': 280, '30ml': 720}","{'3ml': 120, '5ml': 170, '8ml': 240, '10ml': 310, '20ml': 540, '30ml': 710}"
price disagreement,Paris Corner Emir Celestial,,"Decant Sheet Men-UNISEX row 612: {'5ml': 140, '8ml': 200, '10ml': 270} | Decant Sheet Men-UNISEX row 632: {'3ml': 130, '5ml': 190, '8ml': 270, '10ml': 340}",False,"{'5ml': 140, '8ml': 200, '10ml': 270}","{'3ml': 130, '5ml': 190, '8ml': 270, '10ml': 340}"
price disagreement,Paris Corner Emir Cherry Cola,,"Decant Sheet Men-UNISEX row 611: {'5ml': 150, '8ml': 210, '10ml': 280, '30ml': 759} | For Women row 117: {'5ml': 150, '8ml': 220, '10ml': 280}",False,"{'5ml': 150, '8ml': 210, '10ml': 280, '30ml': 759}","{'5ml': 150, '8ml': 220, '10ml': 280}"
one copy lists more sizes,Paris Corner Emir Fire Your Desire,,"Decant Sheet Men-UNISEX row 623: {'5ml': 130, '8ml': 190, '10ml': 240, '30ml': 769} | For Women row 122: {'5ml': 130, '8ml': 190, '10ml': 240}",False,"{'5ml': 130, '8ml': 190, '10ml': 240, '30ml': 769}","{'5ml': 130, '8ml': 190, '10ml': 240}"
price disagreement,Paris Corner Eternal coffee,,"Decant Sheet Men-UNISEX row 586: {'5ml': 130, '8ml': 190, '10ml': 240, '30ml': 550} | For Women row 113: {'5ml': 130, '8ml': 190, '10ml': 240, '30ml': 880}",False,"{'5ml': 130, '8ml': 190, '10ml': 240, '30ml': 550}","{'5ml': 130, '8ml': 190, '10ml': 240, '30ml': 880}"
"listed twice, same prices",Paris Corner Khair,,"Decant Sheet Men-UNISEX row 595: {'3ml': 110, '5ml': 150, '8ml': 210, '10ml': 270, '20ml': 480, '30ml': 610} | For Women row 123: {'3ml': 110, '5ml': 150, '8ml': 210, '10ml': 270, '20ml': 480, '30ml': 610}",True,"{'3ml': 110, '5ml': 150, '8ml': 210, '10ml': 270, '20ml': 480, '30ml': 610}","{'3ml': 110, '5ml': 150, '8ml': 210, '10ml': 270, '20ml': 480, '30ml': 610}"
"listed twice, same prices",Paris Corner Khair Confection,,"Decant Sheet Men-UNISEX row 598: {'3ml': 110, '5ml': 150, '8ml': 210, '10ml': 270, '20ml': 480, '30ml': 610} | For Women row 126: {'3ml': 110, '5ml': 150, '8ml': 210, '10ml': 270, '20ml': 480, '30ml': 610}",True,"{'3ml': 110, '5ml': 150, '8ml': 210, '10ml': 270, '20ml': 480, '30ml': 610}","{'3ml': 110, '5ml': 150, '8ml': 210, '10ml': 270, '20ml': 480, '30ml': 610}"
"listed twice, same prices",Paris Corner Khair Felicity,,"Decant Sheet Men-UNISEX row 599: {'3ml': 110, '5ml': 150, '8ml': 210, '10ml': 270, '20ml': 480, '30ml': 610} | For Women row 127: {'3ml': 110, '5ml': 150, '8ml': 210, '10ml': 270, '20ml': 480, '30ml': 610}",True,"{'3ml': 110, '5ml': 150, '8ml': 210, '10ml': 270, '20ml': 480, '30ml': 610}","{'3ml': 110, '5ml': 150, '8ml': 210, '10ml': 270, '20ml': 480, '30ml': 610}"
"listed twice, same prices",Paris Corner Khair Fusion,,"Decant Sheet Men-UNISEX row 597: {'3ml': 110, '5ml': 150, '8ml': 210, '10ml': 270, '20ml': 480, '30ml': 610} | For Women row 125: {'3ml': 110, '5ml': 150, '8ml': 210, '10ml': 270, '20ml': 480, '30ml': 610}",True,"{'3ml': 110, '5ml': 150, '8ml': 210, '10ml': 270, '20ml': 480, '30ml': 610}","{'3ml': 110, '5ml': 150, '8ml': 210, '10ml': 270, '20ml': 480, '30ml': 610}"
"listed twice, same prices",Paris Corner Khair Pistachio,,"Decant Sheet Men-UNISEX row 596: {'3ml': 110, '5ml': 150, '8ml': 210, '10ml': 270, '20ml': 480, '30ml': 610} | For Women row 124: {'3ml': 110, '5ml': 150, '8ml': 210, '10ml': 270, '20ml': 480, '30ml': 610}",True,"{'3ml': 110, '5ml': 150, '8ml': 210, '10ml': 270, '20ml': 480, '30ml': 610}","{'3ml': 110, '5ml': 150, '8ml': 210, '10ml': 270, '20ml': 480, '30ml': 610}"
price disagreement,Pendora Scents Enchantment Blue Intense,,"Decant Sheet Men-UNISEX row 638: {'5ml': 130, '8ml': 180, '10ml': 240, '20ml': 420, '30ml': 550} | For Women row 130: {'5ml': 130, '8ml': 190, '10ml': 240}",False,"{'5ml': 130, '8ml': 180, '10ml': 240, '20ml': 420, '30ml': 550}","{'5ml': 130, '8ml': 190, '10ml': 240}"
price disagreement,Rasasi Hawas Diva,,"Decant Sheet Men-UNISEX row 653: {'3ml': 150, '5ml': 200, '8ml': 300, '10ml': 380} | For Women row 140: {'5ml': 180, '8ml': 260, '10ml': 340, '20ml': 620, '30ml': 860}",False,"{'3ml': 150, '5ml': 200, '8ml': 300, '10ml': 380}","{'5ml': 180, '8ml': 260, '10ml': 340, '20ml': 620, '30ml': 860}"
one copy lists more sizes,Rasasi Hawas Pink,,"Decant Sheet Men-UNISEX row 652: {'3ml': 150, '5ml': 210, '8ml': 300, '10ml': 380, '20ml': 760, '30ml': 1000} | For Women row 137: {'5ml': 210, '8ml': 300, '10ml': 380}",False,"{'3ml': 150, '5ml': 210, '8ml': 300, '10ml': 380, '20ml': 760, '30ml': 1000}","{'5ml': 210, '8ml': 300, '10ml': 380}"
one copy lists more sizes,Zimaya Musk Is Great,,"Decant Sheet Men-UNISEX row 754: {'3ml': 110, '5ml': 150, '8ml': 210, '10ml': 270, '20ml': 480} | For Women row 149: {'3ml': 110, '5ml': 150, '8ml': 210, '10ml': 270, '20ml': 480, '30ml': 610}",False,"{'3ml': 110, '5ml': 150, '8ml': 210, '10ml': 270, '20ml': 480}","{'3ml': 110, '5ml': 150, '8ml': 210, '10ml': 270, '20ml': 480, '30ml': 610}"
price disagreement,Zimaya Sharaf Blend,,"Decant Sheet Men-UNISEX row 744: {'5ml': 150, '8ml': 220, '10ml': 280, '20ml': 520, '30ml': 740} | For Women row 147: {'5ml': 159, '8ml': 229, '10ml': 289}",False,"{'5ml': 150, '8ml': 220, '10ml': 280, '20ml': 520, '30ml': 740}","{'5ml': 159, '8ml': 229, '10ml': 289}"
price disagreement,Zimaya Tiramisu Caramel,,"Decant Sheet Men-UNISEX row 759: {'3ml': 130, '5ml': 190, '8ml': 270, '10ml': 340, '20ml': 560, '30ml': 740} | For Women row 152: {'3ml': 130, '5ml': 180, '8ml': 250, '10ml': 310}",False,"{'3ml': 130, '5ml': 190, '8ml': 270, '10ml': 340, '20ml': 560, '30ml': 740}","{'3ml': 130, '5ml': 180, '8ml': 250, '10ml': 310}"
price disagreement,Zimaya Tiramisu Coco,,"Decant Sheet Men-UNISEX row 758: {'3ml': 130, '5ml': 190, '8ml': 270, '10ml': 340, '20ml': 560, '30ml': 740} | For Women row 151: {'3ml': 130, '5ml': 180, '8ml': 250, '10ml': 310}",False,"{'3ml': 130, '5ml': 190, '8ml': 270, '10ml': 340, '20ml': 560, '30ml': 740}","{'3ml': 130, '5ml': 180, '8ml': 250, '10ml': 310}"
price disagreement,Zimaya Tiramisu S'mores,,"Decant Sheet Men-UNISEX row 757: {'3ml': 130, '5ml': 190, '8ml': 270, '10ml': 340, '20ml': 560, '30ml': 740} | For Women row 153: {'3ml': 130, '5ml': 180, '8ml': 250, '10ml': 310}",False,"{'3ml': 130, '5ml': 190, '8ml': 270, '10ml': 340, '20ml': 560, '30ml': 740}","{'3ml': 130, '5ml': 180, '8ml': 250, '10ml': 310}"
size dropped by precedence,Ahmed Al Maghribi AHL,,winner Decant Sheet Men-UNISEX row 42 has no 30ml,False,"{'3ml': 240, '5ml': 360, '8ml': 540, '10ml': 680, '20ml': 1300}",{'30ml': 1850}
size dropped by precedence,Ahmed Al Maghribi Azure Royal,,winner Decant Sheet Men-UNISEX row 47 has no 30ml,False,"{'3ml': 130, '5ml': 180, '8ml': 260, '10ml': 330, '20ml': 580}",{'30ml': 750}
size dropped by precedence,Ibraheem AlQurashi French Tobacco,,"winner Decant Sheet Men-UNISEX row 393 has no 20ml, 30ml",False,"{'3ml': 170, '5ml': 250, '8ml': 370, '10ml': 460}","{'20ml': 700, '30ml': 950}"
size dropped by precedence,Lattafa Jasoor,,winner Decant Sheet Men-UNISEX row 458 has no 30ml,False,"{'3ml': 140, '5ml': 190, '8ml': 270, '10ml': 340, '20ml': 600}",{'30ml': 860}
size dropped by precedence,Lattafa Mashrabya,,winner Decant Sheet Men-UNISEX row 464 has no 30ml,False,"{'3ml': 130, '5ml': 170, '8ml': 240, '10ml': 320}",{'30ml': 840}
size dropped by precedence,Lattafa Nebras Elixir,,"winner Decant Sheet Men-UNISEX row 463 has no 20ml, 30ml",False,"{'3ml': 140, '5ml': 190, '8ml': 300, '10ml': 370}","{'20ml': 660, '30ml': 920}"
size dropped by precedence,Maison Alhambra Porto Neroli,,winner Decant Sheet Men-UNISEX row 532 has no 30ml,False,"{'3ml': 130, '5ml': 180, '8ml': 250, '10ml': 310, '20ml': 580}",{'30ml': 800}
size dropped by precedence,Maison Alhambra Rose Petals,,winner Decant Sheet Men-UNISEX row 537 has no 30ml,False,"{'3ml': 130, '5ml': 180, '8ml': 250, '10ml': 310, '20ml': 580}",{'30ml': 710}
size dropped by precedence,Paco Rabanne Pure XS,,"winner Decant Sheet Men-UNISEX row 1080 has no 20ml, 30ml",False,"{'3ml': 160, '5ml': 240, '8ml': 380, '10ml': 480}","{'20ml': 940, '30ml': 1330}"
size dropped by precedence,Paris Corner December Vanilla,,"winner Decant Sheet Men-UNISEX row 600 has no 20ml, 3ml",False,"{'5ml': 150, '8ml': 210, '10ml': 280, '30ml': 720}","{'3ml': 120, '20ml': 540}"
size dropped by precedence,Paris Corner Emir Celestial,,winner Decant Sheet Men-UNISEX row 612 has no 3ml,False,"{'5ml': 140, '8ml': 200, '10ml': 270}",{'3ml': 130}
size dropped by precedence,Rasasi Hawas Diva,,"winner Decant Sheet Men-UNISEX row 653 has no 20ml, 30ml",False,"{'3ml': 150, '5ml': 200, '8ml': 300, '10ml': 380}","{'20ml': 620, '30ml': 860}"
size dropped by precedence,Zimaya Musk Is Great,,winner Decant Sheet Men-UNISEX row 754 has no 30ml,False,"{'3ml': 110, '5ml': 150, '8ml': 210, '10ml': 270, '20ml': 480}",{'30ml': 610}
formatting,Al Haramain Detour intense  Noir,,doubled space,,,
formatting,Armaf Club de Nuit  Sillage,,doubled space,,,
formatting,Paris Corner Emir Vibrant Vetiver(Out of Stock),,status note in the name ('out of stock'),,,
formatting,Swiss Arabian Shaghaf  Oud,,doubled space,,,
formatting,Armani Code Colonia(Discontinued Gem),,status note in the name ('discontinued'),,,
formatting,Armani Code Absolu(Discontinued Gem),,status note in the name ('discontinued'),,,
formatting,Azzaro Wanted By Night(Discontinued Gem),,status note in the name ('discontinued'),,,
formatting,Bottega Venetta Pour Homme (Discontinued Gem),,status note in the name ('discontinued'),,,
formatting,Guerlain L'Homme Ideal Platine Prive(Discontinued Gem),,status note in the name ('discontinued'),,,
formatting,Mancera Black to Black(Discontinued Gem),,status note in the name ('discontinued'),,,
formatting,Mont Blanc Legend  EDP,,doubled space,,,
formatting,Paco Rabanne 1 Million Lucky(Discontinued Gem),,status note in the name ('discontinued'),,,
formatting,Tom Ford Noir EDP(Discontinued Gem),,status note in the name ('discontinued'),,,
formatting,Valentino Uomo Intense EDP(Out of Stock),,status note in the name ('out of stock'),,,
formatting,Valentino Valentina Myrrh Assoluto (Discontinued Gem),,status note in the name ('discontinued'),,,
